Dataset Name,Image Name,Characteristics [Organism],Term Source 1 REF,Term Source 1 Accession,Experimental Condition [TF Gene Construct],TF Gene GenBank Identifier,Experimental Condition [Target Gene Construct],Target Gene GenBank Identifier,Experimental Condition [TF Operator],Experimental Condition [Target Operator],Experimental Condition [Degradation Tag],Experimental Condition [Tag Peptide Sequence],Experimental Condition [Growth Media],Assay Name,Image File (nd2),Comment [Image File Type],Channels
DAS+4tag_Trial1,1X,Escherichia coli,NCBITaxon,562,ybcN<>25XX+11-lacI-mcherry, MT726947,galK<>3*5XX+11-yfp,MT726948,O1,O1,DASplus4,AANDENYSENYADAS,M9 Glucose ,Asymmetry with different degradation tags,1X,Raw,"Phase, mCherry, YFP"
DAS+4tag_Trial1,2X,Escherichia coli,NCBITaxon,562,ybcN<>25XX+11-lacI-mcherry, MT726947,galK<>3*5XX+11-yfp,MT726948,O1,O1,DASplus4,AANDENYSENYADAS,M9 Glucose ,Asymmetry with different degradation tags,2X,Raw,"Phase, mCherry, YFP"
DAS+4tag_Trial1,3X,Escherichia coli,NCBITaxon,562,ybcN<>25XX+11-lacI-mcherry, MT726947,galK<>3*5XX+11-yfp,MT726948,O1,O1,DASplus4,AANDENYSENYADAS,M9 Glucose ,Asymmetry with different degradation tags,3X,Raw,"Phase, mCherry, YFP"
DAS+4tag_Trial1,4X,Escherichia coli,NCBITaxon,562,ybcN<>25XX+11-lacI-mcherry, MT726947,galK<>3*5XX+11-yfp,MT726948,O1,O1,DASplus4,AANDENYSENYADAS,M9 Glucose ,Asymmetry with different degradation tags,4X,Raw,"Phase, mCherry, YFP"
DAS+4tag_Trial1,5X,Escherichia coli,NCBITaxon,562,ybcN<>25XX+11-lacI-mcherry, MT726947,galK<>3*5XX+11-yfp,MT726948,O1,O1,DASplus4,AANDENYSENYADAS,M9 Glucose ,Asymmetry with different degradation tags,5X,Raw,"Phase, mCherry, YFP"
DAS+4tag_Trial1,DASplus4O1,Escherichia coli,NCBITaxon,562,ybcN<>25XX+11-lacI-mcherry, MT726947,galK<>3*5XX+11-yfp,MT726948,O1,O1,DASplus4,AANDENYSENYADAS,M9 Glucose ,Asymmetry with different degradation tags,C,Raw,"Phase, mCherry, YFP"
DAS+4tag_Trial1,NoO1V1,Escherichia coli,NCBITaxon,562,ybcN<>25XX+11-lacI-mcherry, MT726947,galK<>3*5XX+11-yfp,MT726948,NoO1V1,NoO1V1,DASplus4,AANDENYSENYADAS,M9 Glucose ,Asymmetry with different degradation tags,no,Raw,"Phase, mCherry, YFP"
DAS+4tag_Trial1,HG105sspBKO,Escherichia coli,NCBITaxon,562,,,,,,,,,M9 Glucose ,Asymmetry with different degradation tags,HS,Raw,"Phase, mCherry, YFP"
DAS+4tag_Trial2,1X,Escherichia coli,NCBITaxon,562,ybcN<>25XX+11-lacI-mcherry, MT726947,galK<>3*5XX+11-yfp,MT726948,O1,O1,DASplus4,AANDENYSENYADAS,M9 Glucose ,Asymmetry with different degradation tags,1X,Raw,"Phase, mCherry, YFP"
DAS+4tag_Trial2,2X,Escherichia coli,NCBITaxon,562,ybcN<>25XX+11-lacI-mcherry, MT726947,galK<>3*5XX+11-yfp,MT726948,O1,O1,DASplus4,AANDENYSENYADAS,M9 Glucose ,Asymmetry with different degradation tags,2X,Raw,"Phase, mCherry, YFP"
DAS+4tag_Trial2,3X,Escherichia coli,NCBITaxon,562,ybcN<>25XX+11-lacI-mcherry, MT726947,galK<>3*5XX+11-yfp,MT726948,O1,O1,DASplus4,AANDENYSENYADAS,M9 Glucose ,Asymmetry with different degradation tags,3X,Raw,"Phase, mCherry, YFP"
DAS+4tag_Trial2,4X,Escherichia coli,NCBITaxon,562,ybcN<>25XX+11-lacI-mcherry, MT726947,galK<>3*5XX+11-yfp,MT726948,O1,O1,DASplus4,AANDENYSENYADAS,M9 Glucose ,Asymmetry with different degradation tags,4X,Raw,"Phase, mCherry, YFP"
DAS+4tag_Trial2,5X,Escherichia coli,NCBITaxon,562,ybcN<>25XX+11-lacI-mcherry, MT726947,galK<>3*5XX+11-yfp,MT726948,O1,O1,DASplus4,AANDENYSENYADAS,M9 Glucose ,Asymmetry with different degradation tags,5X,Raw,"Phase, mCherry, YFP"
DAS+4tag_Trial2,DASplus4O1,Escherichia coli,NCBITaxon,562,ybcN<>25XX+11-lacI-mcherry, MT726947,galK<>3*5XX+11-yfp,MT726948,O1,O1,DASplus4,AANDENYSENYADAS,M9 Glucose ,Asymmetry with different degradation tags,C,Raw,"Phase, mCherry, YFP"
DAS+4tag_Trial2,NoO1V1,Escherichia coli,NCBITaxon,562,ybcN<>25XX+11-lacI-mcherry, MT726947,galK<>3*5XX+11-yfp,MT726948,NoO1V1,NoO1V1,DASplus4,AANDENYSENYADAS,M9 Glucose ,Asymmetry with different degradation tags,no,Raw,"Phase, mCherry, YFP"
DAS+4tag_Trial2,HG105sspBKO,Escherichia coli,NCBITaxon,562,,,,,,,,,M9 Glucose ,Asymmetry with different degradation tags,HS,Raw,"Phase, mCherry, YFP"
DAS+4tag_Trial3,1X,Escherichia coli,NCBITaxon,562,ybcN<>25XX+11-lacI-mcherry, MT726947,galK<>3*5XX+11-yfp,MT726948,O1,O1,DASplus4,AANDENYSENYADAS,M9 Glucose ,Asymmetry with different degradation tags,1X,Raw,"Phase, mCherry, YFP"
DAS+4tag_Trial3,2X,Escherichia coli,NCBITaxon,562,ybcN<>25XX+11-lacI-mcherry, MT726947,galK<>3*5XX+11-yfp,MT726948,O1,O1,DASplus4,AANDENYSENYADAS,M9 Glucose ,Asymmetry with different degradation tags,2X,Raw,"Phase, mCherry, YFP"
DAS+4tag_Trial3,3X,Escherichia coli,NCBITaxon,562,ybcN<>25XX+11-lacI-mcherry, MT726947,galK<>3*5XX+11-yfp,MT726948,O1,O1,DASplus4,AANDENYSENYADAS,M9 Glucose ,Asymmetry with different degradation tags,3X,Raw,"Phase, mCherry, YFP"
DAS+4tag_Trial3,4X,Escherichia coli,NCBITaxon,562,ybcN<>25XX+11-lacI-mcherry, MT726947,galK<>3*5XX+11-yfp,MT726948,O1,O1,DASplus4,AANDENYSENYADAS,M9 Glucose ,Asymmetry with different degradation tags,4X,Raw,"Phase, mCherry, YFP"
DAS+4tag_Trial3,5X,Escherichia coli,NCBITaxon,562,ybcN<>25XX+11-lacI-mcherry, MT726947,galK<>3*5XX+11-yfp,MT726948,O1,O1,DASplus4,AANDENYSENYADAS,M9 Glucose ,Asymmetry with different degradation tags,5X,Raw,"Phase, mCherry, YFP"
DAS+4tag_Trial3,DASplus4O1,Escherichia coli,NCBITaxon,562,ybcN<>25XX+11-lacI-mcherry, MT726947,galK<>3*5XX+11-yfp,MT726948,O1,O1,DASplus4,AANDENYSENYADAS,M9 Glucose ,Asymmetry with different degradation tags,C,Raw,"Phase, mCherry, YFP"
DAS+4tag_Trial3,NoO1V1,Escherichia coli,NCBITaxon,562,ybcN<>25XX+11-lacI-mcherry, MT726947,galK<>3*5XX+11-yfp,MT726948,NoO1V1,NoO1V1,DASplus4,AANDENYSENYADAS,M9 Glucose ,Asymmetry with different degradation tags,no,Raw,"Phase, mCherry, YFP"
DAS+4tag_Trial3,HG105sspBKO,Escherichia coli,NCBITaxon,562,,,,,,,,,M9 Glucose ,Asymmetry with different degradation tags,HS,Raw,"Phase, mCherry, YFP"
DAStag_Trial1,1X,Escherichia coli,NCBITaxon,562,ybcN<>25XX+11-lacI-mcherry, MT726947,galK<>3*5XX+11-yfp,MT726948,O1,O1,DAS,AANDENYADAS,M9 Glucose ,Asymmetry with different degradation tags,1X,Raw,"Phase, mCherry, YFP"
DAStag_Trial1,2X,Escherichia coli,NCBITaxon,562,ybcN<>25XX+11-lacI-mcherry, MT726947,galK<>3*5XX+11-yfp,MT726948,O1,O1,DAS,AANDENYADAS,M9 Glucose ,Asymmetry with different degradation tags,2X,Raw,"Phase, mCherry, YFP"
DAStag_Trial1,3X,Escherichia coli,NCBITaxon,562,ybcN<>25XX+11-lacI-mcherry, MT726947,galK<>3*5XX+11-yfp,MT726948,O1,O1,DAS,AANDENYADAS,M9 Glucose ,Asymmetry with different degradation tags,3X,Raw,"Phase, mCherry, YFP"
DAStag_Trial1,4X,Escherichia coli,NCBITaxon,562,ybcN<>25XX+11-lacI-mcherry, MT726947,galK<>3*5XX+11-yfp,MT726948,O1,O1,DAS,AANDENYADAS,M9 Glucose ,Asymmetry with different degradation tags,4X,Raw,"Phase, mCherry, YFP"
DAStag_Trial1,5X,Escherichia coli,NCBITaxon,562,ybcN<>25XX+11-lacI-mcherry, MT726947,galK<>3*5XX+11-yfp,MT726948,O1,O1,DAS,AANDENYADAS,M9 Glucose ,Asymmetry with different degradation tags,5X,Raw,"Phase, mCherry, YFP"
DAStag_Trial1,DASO1,Escherichia coli,NCBITaxon,562,ybcN<>25XX+11-lacI-mcherry, MT726947,galK<>3*5XX+11-yfp,MT726948,O1,O1,DAS,AANDENYADAS,M9 Glucose ,Asymmetry with different degradation tags,B,Raw,"Phase, mCherry, YFP"
DAStag_Trial1,DASNoO1V1,Escherichia coli,NCBITaxon,562,ybcN<>25XX+11-lacI-mcherry, MT726947,galK<>3*5XX+11-yfp,MT726948,NoO1V1,NoO1V1,DAS,AANDENYADAS,M9 Glucose ,Asymmetry with different degradation tags,no,Raw,"Phase, mCherry, YFP"
DAStag_Trial1,HG105sspBKO,Escherichia coli,NCBITaxon,562,,,,,,,,,M9 Glucose ,Asymmetry with different degradation tags,HS,Raw,"Phase, mCherry, YFP"
DAStag_Trial2,1X,Escherichia coli,NCBITaxon,562,ybcN<>25XX+11-lacI-mcherry, MT726947,galK<>3*5XX+11-yfp,MT726948,O1,O1,DAS,AANDENYADAS,M9 Glucose ,Asymmetry with different degradation tags,1X,Raw,"Phase, mCherry, YFP"
DAStag_Trial2,2X,Escherichia coli,NCBITaxon,562,ybcN<>25XX+11-lacI-mcherry, MT726947,galK<>3*5XX+11-yfp,MT726948,O1,O1,DAS,AANDENYADAS,M9 Glucose ,Asymmetry with different degradation tags,2X,Raw,"Phase, mCherry, YFP"
DAStag_Trial2,3X,Escherichia coli,NCBITaxon,562,ybcN<>25XX+11-lacI-mcherry, MT726947,galK<>3*5XX+11-yfp,MT726948,O1,O1,DAS,AANDENYADAS,M9 Glucose ,Asymmetry with different degradation tags,3X,Raw,"Phase, mCherry, YFP"
DAStag_Trial2,4X,Escherichia coli,NCBITaxon,562,ybcN<>25XX+11-lacI-mcherry, MT726947,galK<>3*5XX+11-yfp,MT726948,O1,O1,DAS,AANDENYADAS,M9 Glucose ,Asymmetry with different degradation tags,4X,Raw,"Phase, mCherry, YFP"
DAStag_Trial2,5X,Escherichia coli,NCBITaxon,562,ybcN<>25XX+11-lacI-mcherry, MT726947,galK<>3*5XX+11-yfp,MT726948,O1,O1,DAS,AANDENYADAS,M9 Glucose ,Asymmetry with different degradation tags,5X,Raw,"Phase, mCherry, YFP"
DAStag_Trial2,DASO1,Escherichia coli,NCBITaxon,562,ybcN<>25XX+11-lacI-mcherry, MT726947,galK<>3*5XX+11-yfp,MT726948,O1,O1,DAS,AANDENYADAS,M9 Glucose ,Asymmetry with different degradation tags,B ,Raw,"Phase, mCherry, YFP"
DAStag_Trial2,DASNoO1V1,Escherichia coli,NCBITaxon,562,ybcN<>25XX+11-lacI-mcherry, MT726947,galK<>3*5XX+11-yfp,MT726948,NoO1V1,NoO1V1,DAS,AANDENYADAS,M9 Glucose ,Asymmetry with different degradation tags,no,Raw,"Phase, mCherry, YFP"
DAStag_Trial2,HG105sspBKO,Escherichia coli,NCBITaxon,562,,,,,,,,,M9 Glucose ,Asymmetry with different degradation tags,HS,Raw,"Phase, mCherry, YFP"
DAStag_Trial3,1X,Escherichia coli,NCBITaxon,562,ybcN<>25XX+11-lacI-mcherry, MT726947,galK<>3*5XX+11-yfp,MT726948,O1,O1,DAS,AANDENYADAS,M9 Glucose ,Asymmetry with different degradation tags,1X,Raw,"Phase, mCherry, YFP"
DAStag_Trial3,2X,Escherichia coli,NCBITaxon,562,ybcN<>25XX+11-lacI-mcherry, MT726947,galK<>3*5XX+11-yfp,MT726948,O1,O1,DAS,AANDENYADAS,M9 Glucose ,Asymmetry with different degradation tags,2X,Raw,"Phase, mCherry, YFP"
DAStag_Trial3,3X,Escherichia coli,NCBITaxon,562,ybcN<>25XX+11-lacI-mcherry, MT726947,galK<>3*5XX+11-yfp,MT726948,O1,O1,DAS,AANDENYADAS,M9 Glucose ,Asymmetry with different degradation tags,3X,Raw,"Phase, mCherry, YFP"
DAStag_Trial3,4X,Escherichia coli,NCBITaxon,562,ybcN<>25XX+11-lacI-mcherry, MT726947,galK<>3*5XX+11-yfp,MT726948,O1,O1,DAS,AANDENYADAS,M9 Glucose ,Asymmetry with different degradation tags,4X,Raw,"Phase, mCherry, YFP"
DAStag_Trial3,5X,Escherichia coli,NCBITaxon,562,ybcN<>25XX+11-lacI-mcherry, MT726947,galK<>3*5XX+11-yfp,MT726948,O1,O1,DAS,AANDENYADAS,M9 Glucose ,Asymmetry with different degradation tags,5X,Raw,"Phase, mCherry, YFP"
DAStag_Trial3,DASO1,Escherichia coli,NCBITaxon,562,ybcN<>25XX+11-lacI-mcherry, MT726947,galK<>3*5XX+11-yfp,MT726948,O1,O1,DAS,AANDENYADAS,M9 Glucose ,Asymmetry with different degradation tags,B ,Raw,"Phase, mCherry, YFP"
DAStag_Trial3,DASNoO1V1,Escherichia coli,NCBITaxon,562,ybcN<>25XX+11-lacI-mcherry, MT726947,galK<>3*5XX+11-yfp,MT726948,NoO1V1,NoO1V1,DAS,AANDENYADAS,M9 Glucose ,Asymmetry with different degradation tags,no,Raw,"Phase, mCherry, YFP"
DAStag_Trial3,HG105sspBKO,Escherichia coli,NCBITaxon,562,,,,,,,,,M9 Glucose ,Asymmetry with different degradation tags,HS,Raw,"Phase, mCherry, YFP"
LAAtag_Trial1,1X,Escherichia coli,NCBITaxon,562,ybcN<>25XX+11-lacI-mcherry, MT726947,galK<>3*5XX+11-yfp,MT726948,O1,O1,LAA,AANDENYALAA,M9 Glucose ,Asymmetry with different degradation tags,1X,Raw,"Phase, mCherry, YFP"
LAAtag_Trial1,2X,Escherichia coli,NCBITaxon,562,ybcN<>25XX+11-lacI-mcherry, MT726947,galK<>3*5XX+11-yfp,MT726948,O1,O1,LAA,AANDENYALAA,M9 Glucose ,Asymmetry with different degradation tags,2X,Raw,"Phase, mCherry, YFP"
LAAtag_Trial1,3X,Escherichia coli,NCBITaxon,562,ybcN<>25XX+11-lacI-mcherry, MT726947,galK<>3*5XX+11-yfp,MT726948,O1,O1,LAA,AANDENYALAA,M9 Glucose ,Asymmetry with different degradation tags,3X,Raw,"Phase, mCherry, YFP"
LAAtag_Trial1,4X,Escherichia coli,NCBITaxon,562,ybcN<>25XX+11-lacI-mcherry, MT726947,galK<>3*5XX+11-yfp,MT726948,O1,O1,LAA,AANDENYALAA,M9 Glucose ,Asymmetry with different degradation tags,4X,Raw,"Phase, mCherry, YFP"
LAAtag_Trial1,5X,Escherichia coli,NCBITaxon,562,ybcN<>25XX+11-lacI-mcherry, MT726947,galK<>3*5XX+11-yfp,MT726948,O1,O1,LAA,AANDENYALAA,M9 Glucose ,Asymmetry with different degradation tags,5X,Raw,"Phase, mCherry, YFP"
LAAtag_Trial1,LAAO1,Escherichia coli,NCBITaxon,562,ybcN<>25XX+11-lacI-mcherry, MT726947,galK<>3*5XX+11-yfp,MT726948,O1,O1,LAA,AANDENYALAA,M9 Glucose ,Asymmetry with different degradation tags,A ,Raw,"Phase, mCherry, YFP"
LAAtag_Trial1,LAANoO1V1,Escherichia coli,NCBITaxon,562,ybcN<>25XX+11-lacI-mcherry, MT726947,galK<>3*5XX+11-yfp,MT726948,NoO1V1,NoO1V1,LAA,AANDENYALAA,M9 Glucose ,Asymmetry with different degradation tags,no,Raw,"Phase, mCherry, YFP"
LAAtag_Trial1,HG105sspBKO,Escherichia coli,NCBITaxon,562,,,,,,,,,M9 Glucose ,Asymmetry with different degradation tags,HS,Raw,"Phase, mCherry, YFP"
LAAtag_Trial2,1X,Escherichia coli,NCBITaxon,562,ybcN<>25XX+11-lacI-mcherry, MT726947,galK<>3*5XX+11-yfp,MT726948,O1,O1,LAA,AANDENYALAA,M9 Glucose ,Asymmetry with different degradation tags,1X,Raw,"Phase, mCherry, YFP"
LAAtag_Trial2,2X,Escherichia coli,NCBITaxon,562,ybcN<>25XX+11-lacI-mcherry, MT726947,galK<>3*5XX+11-yfp,MT726948,O1,O1,LAA,AANDENYALAA,M9 Glucose ,Asymmetry with different degradation tags,2X,Raw,"Phase, mCherry, YFP"
LAAtag_Trial2,3X,Escherichia coli,NCBITaxon,562,ybcN<>25XX+11-lacI-mcherry, MT726947,galK<>3*5XX+11-yfp,MT726948,O1,O1,LAA,AANDENYALAA,M9 Glucose ,Asymmetry with different degradation tags,3X,Raw,"Phase, mCherry, YFP"
LAAtag_Trial2,4X,Escherichia coli,NCBITaxon,562,ybcN<>25XX+11-lacI-mcherry, MT726947,galK<>3*5XX+11-yfp,MT726948,O1,O1,LAA,AANDENYALAA,M9 Glucose ,Asymmetry with different degradation tags,4X,Raw,"Phase, mCherry, YFP"
LAAtag_Trial2,5X,Escherichia coli,NCBITaxon,562,ybcN<>25XX+11-lacI-mcherry, MT726947,galK<>3*5XX+11-yfp,MT726948,O1,O1,LAA,AANDENYALAA,M9 Glucose ,Asymmetry with different degradation tags,5X,Raw,"Phase, mCherry, YFP"
LAAtag_Trial2,LAAO1,Escherichia coli,NCBITaxon,562,ybcN<>25XX+11-lacI-mcherry, MT726947,galK<>3*5XX+11-yfp,MT726948,O1,O1,LAA,AANDENYALAA,M9 Glucose ,Asymmetry with different degradation tags,A ,Raw,"Phase, mCherry, YFP"
LAAtag_Trial2,LAANoO1V1,Escherichia coli,NCBITaxon,562,ybcN<>25XX+11-lacI-mcherry, MT726947,galK<>3*5XX+11-yfp,MT726948,NoO1V1,NoO1V1,LAA,AANDENYALAA,M9 Glucose ,Asymmetry with different degradation tags,no,Raw,"Phase, mCherry, YFP"
LAAtag_Trial2,HG105sspBKO,Escherichia coli,NCBITaxon,562,,,,,,,,,M9 Glucose ,Asymmetry with different degradation tags,HS,Raw,"Phase, mCherry, YFP"
LAAtag_Trial3,1X,Escherichia coli,NCBITaxon,562,ybcN<>25XX+11-lacI-mcherry, MT726947,galK<>3*5XX+11-yfp,MT726948,O1,O1,LAA,AANDENYALAA,M9 Glucose ,Asymmetry with different degradation tags,1X,Raw,"Phase, mCherry, YFP"
LAAtag_Trial3,2X,Escherichia coli,NCBITaxon,562,ybcN<>25XX+11-lacI-mcherry, MT726947,galK<>3*5XX+11-yfp,MT726948,O1,O1,LAA,AANDENYALAA,M9 Glucose ,Asymmetry with different degradation tags,2X,Raw,"Phase, mCherry, YFP"
LAAtag_Trial3,3X,Escherichia coli,NCBITaxon,562,ybcN<>25XX+11-lacI-mcherry, MT726947,galK<>3*5XX+11-yfp,MT726948,O1,O1,LAA,AANDENYALAA,M9 Glucose ,Asymmetry with different degradation tags,3X,Raw,"Phase, mCherry, YFP"
LAAtag_Trial3,4X,Escherichia coli,NCBITaxon,562,ybcN<>25XX+11-lacI-mcherry, MT726947,galK<>3*5XX+11-yfp,MT726948,O1,O1,LAA,AANDENYALAA,M9 Glucose ,Asymmetry with different degradation tags,4X,Raw,"Phase, mCherry, YFP"
LAAtag_Trial3,5X,Escherichia coli,NCBITaxon,562,ybcN<>25XX+11-lacI-mcherry, MT726947,galK<>3*5XX+11-yfp,MT726948,O1,O1,LAA,AANDENYALAA,M9 Glucose ,Asymmetry with different degradation tags,5X,Raw,"Phase, mCherry, YFP"
LAAtag_Trial3,LAAO1,Escherichia coli,NCBITaxon,562,ybcN<>25XX+11-lacI-mcherry, MT726947,galK<>3*5XX+11-yfp,MT726948,O1,O1,LAA,AANDENYALAA,M9 Glucose ,Asymmetry with different degradation tags,A ,Raw,"Phase, mCherry, YFP"
LAAtag_Trial3,LAANoO1V1,Escherichia coli,NCBITaxon,562,ybcN<>25XX+11-lacI-mcherry, MT726947,galK<>3*5XX+11-yfp,MT726948,NoO1V1,NoO1V1,LAA,AANDENYALAA,M9 Glucose ,Asymmetry with different degradation tags,no,Raw,"Phase, mCherry, YFP"
LAAtag_Trial3,HG105sspBKO,Escherichia coli,NCBITaxon,562,,,,,,,,,M9 Glucose ,Asymmetry with different degradation tags,HS,Raw,"Phase, mCherry, YFP"
Notag_Trial1,1X,Escherichia coli,NCBITaxon,562,ybcN<>25XX+11-lacI-mcherry, MT726947,galK<>3*5XX+11-yfp,MT726948,O1,O1,Notag,AANDENYANotag,M9 Glucose ,Asymmetry with different degradation tags,1X,Raw,"Phase, mCherry, YFP"
Notag_Trial1,2X,Escherichia coli,NCBITaxon,562,ybcN<>25XX+11-lacI-mcherry, MT726947,galK<>3*5XX+11-yfp,MT726948,O1,O1,Notag,AANDENYANotag,M9 Glucose ,Asymmetry with different degradation tags,2X,Raw,"Phase, mCherry, YFP"
Notag_Trial1,3X,Escherichia coli,NCBITaxon,562,ybcN<>25XX+11-lacI-mcherry, MT726947,galK<>3*5XX+11-yfp,MT726948,O1,O1,Notag,AANDENYANotag,M9 Glucose ,Asymmetry with different degradation tags,3X,Raw,"Phase, mCherry, YFP"
Notag_Trial1,4X,Escherichia coli,NCBITaxon,562,ybcN<>25XX+11-lacI-mcherry, MT726947,galK<>3*5XX+11-yfp,MT726948,O1,O1,Notag,AANDENYANotag,M9 Glucose ,Asymmetry with different degradation tags,4X,Raw,"Phase, mCherry, YFP"
Notag_Trial1,5X,Escherichia coli,NCBITaxon,562,ybcN<>25XX+11-lacI-mcherry, MT726947,galK<>3*5XX+11-yfp,MT726948,O1,O1,Notag,AANDENYANotag,M9 Glucose ,Asymmetry with different degradation tags,5X,Raw,"Phase, mCherry, YFP"
Notag_Trial1,ATO1,Escherichia coli,NCBITaxon,562,ybcN<>25XX+11-lacI-mcherry, MT726947,galK<>3*5XX+11-yfp,MT726948,O1,O1,Notag,AANDENYANotag,M9 Glucose ,Asymmetry with different degradation tags,ATO1,Raw,"Phase, mCherry, YFP"
Notag_Trial1,ATnoO1V1,Escherichia coli,NCBITaxon,562,ybcN<>25XX+11-lacI-mcherry, MT726947,galK<>3*5XX+11-yfp,MT726948,NoO1V1,NoO1V1,Notag,AANDENYANotag,M9 Glucose ,Asymmetry with different degradation tags,no,Raw,"Phase, mCherry, YFP"
Notag_Trial1,HG105sspBKO,Escherichia coli,NCBITaxon,562,,,,,,,,,M9 Glucose ,Asymmetry with different degradation tags,HS,Raw,"Phase, mCherry, YFP"
Notag_Trial2,1X,Escherichia coli,NCBITaxon,562,ybcN<>25XX+11-lacI-mcherry, MT726947,galK<>3*5XX+11-yfp,MT726948,O1,O1,Notag,AANDENYANotag,M9 Glucose ,Asymmetry with different degradation tags,1X,Raw,"Phase, mCherry, YFP"
Notag_Trial2,2X,Escherichia coli,NCBITaxon,562,ybcN<>25XX+11-lacI-mcherry, MT726947,galK<>3*5XX+11-yfp,MT726948,O1,O1,Notag,AANDENYANotag,M9 Glucose ,Asymmetry with different degradation tags,2X,Raw,"Phase, mCherry, YFP"
Notag_Trial2,3X,Escherichia coli,NCBITaxon,562,ybcN<>25XX+11-lacI-mcherry, MT726947,galK<>3*5XX+11-yfp,MT726948,O1,O1,Notag,AANDENYANotag,M9 Glucose ,Asymmetry with different degradation tags,3X,Raw,"Phase, mCherry, YFP"
Notag_Trial2,4X,Escherichia coli,NCBITaxon,562,ybcN<>25XX+11-lacI-mcherry, MT726947,galK<>3*5XX+11-yfp,MT726948,O1,O1,Notag,AANDENYANotag,M9 Glucose ,Asymmetry with different degradation tags,4X,Raw,"Phase, mCherry, YFP"
Notag_Trial2,5X,Escherichia coli,NCBITaxon,562,ybcN<>25XX+11-lacI-mcherry, MT726947,galK<>3*5XX+11-yfp,MT726948,O1,O1,Notag,AANDENYANotag,M9 Glucose ,Asymmetry with different degradation tags,5X,Raw,"Phase, mCherry, YFP"
Notag_Trial2,ATO1,Escherichia coli,NCBITaxon,562,ybcN<>25XX+11-lacI-mcherry, MT726947,galK<>3*5XX+11-yfp,MT726948,O1,O1,Notag,AANDENYANotag,M9 Glucose ,Asymmetry with different degradation tags,ATO1,Raw,"Phase, mCherry, YFP"
Notag_Trial2,ATnoO1V1,Escherichia coli,NCBITaxon,562,ybcN<>25XX+11-lacI-mcherry, MT726947,galK<>3*5XX+11-yfp,MT726948,NoO1V1,NoO1V1,Notag,AANDENYANotag,M9 Glucose ,Asymmetry with different degradation tags,no,Raw,"Phase, mCherry, YFP"
Notag_Trial2,HG105sspBKO,Escherichia coli,NCBITaxon,562,,,,,,,,,M9 Glucose ,Asymmetry with different degradation tags,HS,Raw,"Phase, mCherry, YFP"
Notag_Trial3,1X,Escherichia coli,NCBITaxon,562,ybcN<>25XX+11-lacI-mcherry, MT726947,galK<>3*5XX+11-yfp,MT726948,O1,O1,Notag,AANDENYANotag,M9 Glucose ,Asymmetry with different degradation tags,1X,Raw,"Phase, mCherry, YFP"
Notag_Trial3,2X,Escherichia coli,NCBITaxon,562,ybcN<>25XX+11-lacI-mcherry, MT726947,galK<>3*5XX+11-yfp,MT726948,O1,O1,Notag,AANDENYANotag,M9 Glucose ,Asymmetry with different degradation tags,2X,Raw,"Phase, mCherry, YFP"
Notag_Trial3,3X,Escherichia coli,NCBITaxon,562,ybcN<>25XX+11-lacI-mcherry, MT726947,galK<>3*5XX+11-yfp,MT726948,O1,O1,Notag,AANDENYANotag,M9 Glucose ,Asymmetry with different degradation tags,3X,Raw,"Phase, mCherry, YFP"
Notag_Trial3,4X,Escherichia coli,NCBITaxon,562,ybcN<>25XX+11-lacI-mcherry, MT726947,galK<>3*5XX+11-yfp,MT726948,O1,O1,Notag,AANDENYANotag,M9 Glucose ,Asymmetry with different degradation tags,4X,Raw,"Phase, mCherry, YFP"
Notag_Trial3,5X,Escherichia coli,NCBITaxon,562,ybcN<>25XX+11-lacI-mcherry, MT726947,galK<>3*5XX+11-yfp,MT726948,O1,O1,Notag,AANDENYANotag,M9 Glucose ,Asymmetry with different degradation tags,5X,Raw,"Phase, mCherry, YFP"
Notag_Trial3,ATO1,Escherichia coli,NCBITaxon,562,ybcN<>25XX+11-lacI-mcherry, MT726947,galK<>3*5XX+11-yfp,MT726948,O1,O1,Notag,AANDENYANotag,M9 Glucose ,Asymmetry with different degradation tags,ATO1,Raw,"Phase, mCherry, YFP"
Notag_Trial3,ATnoO1V1,Escherichia coli,NCBITaxon,562,ybcN<>25XX+11-lacI-mcherry, MT726947,galK<>3*5XX+11-yfp,MT726948,NoO1V1,NoO1V1,Notag,AANDENYANotag,M9 Glucose ,Asymmetry with different degradation tags,no,Raw,"Phase, mCherry, YFP"
Notag_Trial3,HG105sspBKO,Escherichia coli,NCBITaxon,562,,,,,,,,,M9 Glucose ,Asymmetry with different degradation tags,HS,Raw,"Phase, mCherry, YFP"